Date,Hour,Purchase Bid (MWh),Sell Bid (MWh),MCV (MWh),Final Scheduled Volume (MWh),MCP (Rs/MWh) *,Weighted MCP (Rs/MWh)
01-02-2026,1,12131.73,33413.10,7238.93,7238.93,2453.92,2454.37
01-02-2026,2,12425.08,36954.20,7537.35,7537.35,2394.90,2395.02
01-02-2026,3,12833.05,36872.20,8007.18,8007.18,2361.68,2361.61
01-02-2026,4,13547.48,36926.50,8741.34,8741.34,2364.09,2364.32
01-02-2026,5,12811.30,35377.05,7962.05,7962.05,2376.28,2376.46
01-02-2026,6,13522.28,25080.28,7556.60,7556.60,2832.82,2824.48
01-02-2026,7,14478.20,16488.63,7485.47,7485.47,3200.26,3211.92
01-02-2026,8,19032.40,15066.23,10639.28,10639.28,4514.43,4542.20
01-02-2026,9,19914.23,18018.00,11486.34,11486.34,3893.09,3891.25
01-02-2026,10,19288.48,21963.58,12639.83,12639.83,3033.94,3034.43
01-02-2026,11,16679.88,28261.95,11951.19,11951.19,2347.53,2349.64
01-02-2026,12,13975.85,36981.75,10622.35,10622.35,1875.56,1878.10
01-02-2026,13,11533.15,44448.98,9492.72,9492.72,1797.79,1798.33
01-02-2026,14,10166.18,49871.18,8892.96,8892.96,1219.15,1221.28
01-02-2026,15,11953.75,47411.40,9568.02,9568.02,1672.88,1675.59
01-02-2026,16,12241.38,39867.38,9943.53,9943.53,1732.96,1732.75
01-02-2026,17,11614.93,30272.03,8764.07,8764.07,1969.08,1956.17
01-02-2026,18,12522.63,20556.48,8403.18,8403.18,2857.91,2870.60
01-02-2026,19,14369.28,17173.78,9401.48,9401.48,3919.60,3919.74
01-02-2026,20,13615.88,15584.85,8515.33,8515.33,3710.71,3710.63
01-02-2026,21,12747.33,17226.73,8382.15,8382.15,3362.39,3366.82
01-02-2026,22,11362.93,20831.15,7501.89,7501.89,3015.33,3015.07
01-02-2026,23,11405.90,27456.85,7139.23,7139.23,2778.47,2782.08
01-02-2026,24,10376.63,31729.68,6313.56,6313.56,2349.18,2355.11
02-02-2026,1,13190.58,32032.88,7387.12,7387.12,2572.19,2572.12
02-02-2026,2,13559.38,35615.03,8320.93,8320.93,2457.21,2455.97
02-02-2026,3,14601.33,35945.30,9613.43,9613.43,2450.66,2450.67
02-02-2026,4,14895.38,36285.20,9890.39,9890.39,2450.52,2450.62
02-02-2026,5,13950.58,34898.45,8729.43,8729.43,2453.24,2451.29
02-02-2026,6,14427.08,24904.65,7999.99,7999.99,2989.64,2984.94
02-02-2026,7,15967.40,16296.55,8055.50,8055.50,3616.85,3629.90
02-02-2026,8,22778.63,15169.53,11627.21,11627.21,5580.90,5609.23
02-02-2026,9,23929.40,17531.88,12909.33,12909.33,4591.36,4575.18
02-02-2026,10,22658.50,20611.25,13324.34,13324.34,3767.69,3778.12
02-02-2026,11,18301.23,24084.25,10546.77,10546.77,2798.58,2803.80
02-02-2026,12,15808.75,30785.93,9462.60,9462.60,2397.74,2397.15
02-02-2026,13,13813.30,38055.73,9034.08,9034.08,2298.16,2298.40
02-02-2026,14,11796.70,44122.58,8956.39,8956.39,1991.53,1991.66
02-02-2026,15,13685.08,40928.35,9766.50,9766.50,1943.10,1942.36
02-02-2026,16,15737.20,34316.88,10867.05,10867.05,2220.18,2217.48
02-02-2026,17,15969.00,26382.73,9918.71,9918.71,2533.31,2528.03
02-02-2026,18,15629.10,17775.00,9467.61,9467.61,3507.70,3531.35
02-02-2026,19,18059.65,13614.55,10240.00,10240.00,5591.45,5586.36
02-02-2026,20,17059.60,13010.78,9064.62,9064.62,4845.44,4863.64
02-02-2026,21,14991.18,14142.70,8688.28,8688.28,3840.87,3842.26
02-02-2026,22,14192.85,17956.70,8904.85,8904.85,3543.98,3543.22
02-02-2026,23,13207.38,23893.60,8039.03,8039.03,3123.83,3125.93
02-02-2026,24,12603.95,28506.48,6919.82,6919.82,2825.10,2825.66
03-02-2026,1,12543.48,32843.90,7407.33,7407.33,2473.01,2474.06
03-02-2026,2,13219.90,35858.85,8215.83,8215.83,2462.87,2462.37
03-02-2026,3,13577.38,36092.38,8963.70,8963.70,2430.14,2430.54
03-02-2026,4,14085.10,36447.45,9337.55,9337.55,2450.30,2450.43
03-02-2026,5,12565.35,34648.43,8024.21,8024.21,2384.97,2385.77
03-02-2026,6,12790.50,25827.15,7187.55,7187.55,2770.94,2762.69
03-02-2026,7,14895.25,16703.88,7887.16,7887.16,3455.57,3459.70
03-02-2026,8,21310.30,15325.95,11171.17,11171.17,5732.40,5852.65
03-02-2026,9,21805.20,17000.65,11854.17,11854.17,4372.90,4377.12
03-02-2026,10,21847.23,21466.35,12175.71,12175.71,3521.95,3526.10
03-02-2026,11,18282.83,25676.28,10302.57,10302.57,2590.73,2591.30
03-02-2026,12,17102.58,31469.40,10285.85,10285.85,2382.99,2382.87
03-02-2026,13,15208.85,39619.03,9994.58,9994.58,2182.77,2182.12
03-02-2026,14,13178.50,45910.73,9964.82,9964.82,1863.12,1863.49
03-02-2026,15,14983.10,42201.35,10249.05,10249.05,1921.73,1922.68
03-02-2026,16,16372.43,35124.08,10598.74,10598.74,2295.09,2293.15
03-02-2026,17,15893.55,26996.63,9740.55,9740.55,2565.39,2560.10
03-02-2026,18,15543.85,17559.10,9436.87,9436.87,3600.00,3612.01
03-02-2026,19,17772.48,13323.35,10002.87,10002.87,5312.43,5313.83
03-02-2026,20,16410.60,12901.83,8930.45,8930.45,4656.01,4663.74
03-02-2026,21,14391.88,14781.58,8584.15,8584.15,3865.87,3867.07
03-02-2026,22,12943.03,18775.50,8235.24,8235.24,3342.67,3341.90
03-02-2026,23,12581.70,24870.65,7625.35,7625.35,2977.57,2978.40
03-02-2026,24,12021.40,29899.33,6912.83,6912.83,2611.96,2613.25
04-02-2026,1,12520.60,31774.65,7484.90,7484.90,2470.43,2470.43
04-02-2026,2,13006.50,35192.28,8047.30,8047.30,2466.27,2466.39
04-02-2026,3,14334.50,35739.85,9322.60,9322.60,2470.48,2470.47
04-02-2026,4,14959.30,36216.75,9839.06,9839.06,2475.63,2475.62
04-02-2026,5,14589.80,34822.68,8999.03,8999.03,2522.94,2521.72
04-02-2026,6,14047.75,24956.10,7549.65,7549.65,3042.80,3048.46
04-02-2026,7,16798.03,16248.65,8621.38,8621.38,3812.86,3825.86
04-02-2026,8,22763.90,14380.98,11128.75,11128.75,7075.24,7116.56
04-02-2026,9,22948.53,16851.33,12148.90,12148.90,4918.44,4894.99
04-02-2026,10,22423.48,21398.83,13099.80,13099.80,3773.09,3772.95
04-02-2026,11,18575.18,26020.40,10705.20,10705.20,2945.59,2948.25
04-02-2026,12,16514.93,32493.45,10191.60,10191.60,2697.97,2697.71
04-02-2026,13,15380.80,40314.83,10678.22,10678.22,2420.33,2415.05
04-02-2026,14,14958.83,47287.48,11616.69,11616.69,2022.97,2027.52
04-02-2026,15,16251.45,40940.98,11060.46,11060.46,2324.17,2323.69
04-02-2026,16,17512.15,32911.33,10697.66,10697.66,2605.75,2599.88
04-02-2026,17,16578.75,24288.65,9654.35,9654.35,2898.20,2895.32
04-02-2026,18,17216.83,15817.05,9383.11,9383.11,3956.03,3966.56
04-02-2026,19,20408.05,12300.65,9362.27,9362.27,6553.75,6539.36
04-02-2026,20,18331.70,11577.83,8087.83,8087.83,5550.13,5572.14
04-02-2026,21,16077.20,13678.65,7939.63,7939.63,4265.63,4261.73
04-02-2026,22,14505.63,18615.05,8032.95,8032.95,3591.28,3590.39
04-02-2026,23,14334.60,24206.78,8275.27,8275.27,3237.75,3239.30
04-02-2026,24,13358.63,28383.78,7142.39,7142.39,2816.12,2819.52
05-02-2026,1,13773.25,33075.45,7791.55,7791.55,2560.27,2561.66
05-02-2026,2,14830.95,36231.48,8707.01,8707.01,2568.08,2566.49
05-02-2026,3,15155.13,36523.15,9725.72,9725.72,2478.26,2478.52
05-02-2026,4,15608.98,37146.13,10155.03,10155.03,2483.24,2483.18
05-02-2026,5,14737.65,35804.90,9245.93,9245.93,2485.65,2484.97
05-02-2026,6,14458.20,26211.43,7666.53,7666.53,3010.93,3010.70
05-02-2026,7,17497.45,16893.43,8653.48,8653.48,3831.53,3858.67
05-02-2026,8,25164.03,15764.48,12344.28,12344.28,7300.08,7349.17
05-02-2026,9,24773.80,18238.15,13167.23,13167.23,4869.72,4863.39
05-02-2026,10,23179.93,23393.10,12533.76,12533.76,3329.23,3348.15
05-02-2026,11,17790.08,26247.03,11207.78,11207.78,2913.99,2909.03
05-02-2026,12,16910.10,33607.00,11264.27,11264.27,2551.12,2551.48
05-02-2026,13,15848.15,41124.75,11066.53,11066.53,2416.96,2418.18
05-02-2026,14,13382.58,46488.28,10379.18,10379.18,1976.93,1977.21
05-02-2026,15,16051.75,41391.05,11232.76,11232.76,2334.56,2334.99
05-02-2026,16,17575.28,32522.85,10912.30,10912.30,2664.84,2667.65
05-02-2026,17,17012.88,25730.78,10338.30,10338.30,2954.76,2952.93
05-02-2026,18,17516.33,18155.25,10163.81,10163.81,3737.26,3743.38
05-02-2026,19,21587.33,14032.30,10650.87,10650.87,6800.30,6796.03
05-02-2026,20,18985.70,12729.55,8971.45,8971.45,5361.60,5391.00
05-02-2026,21,16895.73,14586.00,8950.35,8950.35,3931.88,3931.57
05-02-2026,22,15074.45,19081.10,9071.43,9071.43,3594.72,3594.31
05-02-2026,23,14782.28,24274.83,8692.53,8692.53,3327.13,3327.21
05-02-2026,24,13761.35,28160.05,7467.38,7467.38,2930.27,2932.74
06-02-2026,1,14397.20,32513.70,8231.67,8231.67,2679.36,2680.12
06-02-2026,2,15228.08,34054.55,8862.30,8862.30,2653.56,2653.70
06-02-2026,3,15412.20,35320.45,9508.78,9508.78,2552.77,2551.64
06-02-2026,4,15725.85,35615.90,9888.20,9888.20,2532.47,2532.46
06-02-2026,5,15078.53,34116.50,9038.60,9038.60,2566.76,2565.20
06-02-2026,6,14811.03,25313.50,7886.40,7886.40,3039.54,3036.31
06-02-2026,7,17644.85,16074.10,8569.12,8569.12,3887.56,3910.78
06-02-2026,8,24401.28,15617.83,12323.43,12323.43,7515.13,7577.03
06-02-2026,9,23576.68,18985.78,12843.56,12843.56,4371.88,4380.99
06-02-2026,10,20532.93,23757.88,12672.62,12672.62,3066.99,3086.05
06-02-2026,11,16956.80,28071.58,11940.55,11940.55,2477.80,2478.57
06-02-2026,12,15783.18,35715.45,11603.92,11603.92,2091.25,2093.92
06-02-2026,13,14791.25,43503.28,11446.06,11446.06,2045.21,2044.67
06-02-2026,14,13620.98,48966.40,11041.95,11041.95,1738.64,1738.89
06-02-2026,15,15251.20,45222.50,12458.32,12458.32,1900.27,1900.87
06-02-2026,16,17208.10,36568.23,12480.25,12480.25,2403.35,2405.76
06-02-2026,17,16529.15,29006.95,11027.79,11027.79,2640.94,2633.72
06-02-2026,18,16285.08,17770.70,8696.85,8696.85,3548.79,3569.06
06-02-2026,19,19406.08,13552.50,9649.27,9649.27,5715.01,5715.10
06-02-2026,20,18263.93,13023.18,9040.08,9040.08,4907.86,4914.08
06-02-2026,21,16906.05,15527.75,9068.32,9068.32,3834.51,3836.28
06-02-2026,22,14921.43,18891.93,8504.57,8504.57,3484.76,3484.62
06-02-2026,23,14350.45,24474.03,8612.42,8612.42,3231.76,3232.38
06-02-2026,24,13783.63,28297.78,7877.36,7877.36,2869.77,2870.90
07-02-2026,1,14312.53,32175.73,7958.56,7958.56,2700.90,2700.46
07-02-2026,2,15792.13,34150.65,8840.41,8840.41,2782.87,2783.19
07-02-2026,3,16395.75,35346.73,9669.83,9669.83,2773.05,2772.97
07-02-2026,4,16595.38,35819.65,10081.68,10081.68,2767.97,2768.00
07-02-2026,5,15623.75,33871.80,9241.70,9241.70,2715.21,2719.27
07-02-2026,6,14913.30,25300.55,7939.19,7939.19,3038.61,3035.34
07-02-2026,7,18328.65,16282.98,9439.70,9439.70,3985.19,4038.82
07-02-2026,8,24721.05,15092.28,12026.05,12026.05,7681.07,7699.47
07-02-2026,9,22516.40,18174.68,11960.76,11960.76,4357.90,4373.31
07-02-2026,10,19724.38,22061.08,11904.28,11904.28,3265.07,3265.93
07-02-2026,11,16320.95,29413.38,11846.91,11846.91,2330.41,2331.48
07-02-2026,12,14196.00,37326.08,10906.39,10906.39,2201.65,2202.47
07-02-2026,13,13395.35,46748.50,11525.79,11525.79,2034.86,2030.19
07-02-2026,14,12932.68,51714.63,11328.90,11328.90,1724.71,1724.71
07-02-2026,15,13365.90,45026.93,10899.74,10899.74,1746.19,1746.42
07-02-2026,16,14993.70,38023.70,11472.29,11472.29,2184.75,2180.93
07-02-2026,17,14194.03,29915.88,9555.90,9555.90,2524.46,2506.47
07-02-2026,18,14878.73,20162.95,8943.78,8943.78,3504.62,3526.50
07-02-2026,19,19060.15,14729.95,10428.46,10428.46,4886.64,4887.78
07-02-2026,20,17841.35,14376.13,9506.07,9506.07,4623.42,4624.79
07-02-2026,21,15738.40,16997.00,9807.48,9807.48,3835.64,3836.36
07-02-2026,22,14038.48,20998.60,9249.98,9249.98,3480.79,3480.97
07-02-2026,23,13361.88,25100.43,8320.69,8320.69,3111.43,3114.21
07-02-2026,24,12632.63,28246.28,7594.30,7594.30,2851.30,2851.89
08-02-2026,1,15157.50,33268.38,8320.20,8320.20,2768.27,2771.65
08-02-2026,2,16565.53,35265.13,8910.18,8910.18,2778.04,2777.94
08-02-2026,3,16053.60,35659.58,9678.15,9678.15,2590.37,2589.32
08-02-2026,4,15387.08,36102.05,9843.85,9843.85,2470.70,2470.70
08-02-2026,5,15129.78,35197.78,9162.80,9162.80,2520.41,2518.27
08-02-2026,6,15463.55,26003.18,8109.36,8109.36,3090.35,3083.71
08-02-2026,7,15963.85,17927.48,7920.23,7920.23,3432.47,3443.11
08-02-2026,8,20684.55,17628.43,10854.75,10854.75,4562.91,4573.37
08-02-2026,9,19675.75,20423.38,10802.62,10802.62,3823.91,3826.87
08-02-2026,10,15830.60,25931.45,10257.06,10257.06,2670.59,2674.21
08-02-2026,11,14009.73,32873.55,10221.89,10221.89,1771.68,1774.70
08-02-2026,12,13908.08,39694.20,9632.66,9632.66,1950.00,1949.36
08-02-2026,13,12328.88,47048.05,9110.92,9110.92,1730.76,1730.89
08-02-2026,14,11867.45,51934.60,8797.35,8797.35,1677.03,1677.09
08-02-2026,15,12571.33,48067.40,8855.06,8855.06,1487.10,1487.47
08-02-2026,16,13299.55,40910.55,9810.18,9810.18,1735.06,1735.52
08-02-2026,17,11722.45,32282.55,8591.50,8591.50,1942.77,1926.35
08-02-2026,18,11312.90,23545.53,7463.58,7463.58,2664.98,2659.08
08-02-2026,19,14966.63,18502.75,8643.48,8643.48,3624.55,3626.10
08-02-2026,20,14650.75,17408.53,8236.83,8236.83,3523.76,3526.45
08-02-2026,21,13344.05,19409.80,7759.94,7759.94,3274.62,3273.83
08-02-2026,22,12484.48,24680.78,7615.64,7615.64,2967.47,2965.85
08-02-2026,23,11840.98,27998.83,7015.31,7015.31,2741.67,2745.02
08-02-2026,24,11473.93,31369.45,6893.13,6893.13,2386.98,2387.40
09-02-2026,1,14545.00,33919.05,8453.48,8453.48,2698.63,2696.94
09-02-2026,2,15118.05,36537.93,9263.53,9263.53,2591.55,2591.40
09-02-2026,3,15847.55,37109.48,10102.81,10102.81,2585.24,2585.58
09-02-2026,4,16787.73,37541.28,10715.83,10715.83,2595.43,2595.42
09-02-2026,5,16827.65,35365.20,9975.00,9975.00,2748.36,2746.96
09-02-2026,6,16323.35,25273.83,8725.20,8725.20,3126.82,3122.89
09-02-2026,7,19845.33,17028.00,9434.21,9434.21,4162.72,4223.94
09-02-2026,8,26402.78,16879.13,13180.28,13180.28,6390.61,6376.27
09-02-2026,9,25064.63,20512.60,13596.14,13596.14,4414.90,4441.35
09-02-2026,10,21016.20,25435.55,12414.79,12414.79,3280.91,3292.90
09-02-2026,11,18252.65,30639.53,11932.55,11932.55,2524.79,2524.70
09-02-2026,12,17608.40,38320.83,11059.20,11059.20,2345.64,2347.25
09-02-2026,13,15778.03,45139.33,11487.60,11487.60,2199.17,2200.88
09-02-2026,14,14531.18,49603.25,12318.69,12318.69,1867.23,1867.00
09-02-2026,15,14840.35,44825.48,11833.79,11833.79,1907.55,1900.26
09-02-2026,16,15423.95,36178.45,10969.01,10969.01,2383.64,2383.92
09-02-2026,17,14339.43,28975.10,9170.26,9170.26,2573.15,2562.60
09-02-2026,18,15010.55,20179.53,8976.67,8976.67,3457.75,3482.78
09-02-2026,19,19884.80,15506.03,10108.50,10108.50,4855.80,4853.88
09-02-2026,20,19238.45,14472.70,8994.28,8994.28,4705.92,4718.00
09-02-2026,21,16335.68,16834.18,8878.13,8878.13,3790.34,3789.98
09-02-2026,22,15364.25,20816.63,9031.78,9031.78,3522.04,3521.09
09-02-2026,23,14777.03,24741.93,8207.63,8207.63,3168.94,3171.59
09-02-2026,24,14477.30,28100.53,7976.66,7976.66,2942.37,2942.95
10-02-2026,1,15008.43,31181.43,8279.31,8279.31,2807.84,2807.83
10-02-2026,2,16670.95,34264.23,9197.69,9197.69,2805.88,2806.01
10-02-2026,3,17045.50,35310.33,9899.25,9899.25,2781.04,2781.06
10-02-2026,4,16895.25,35392.83,9836.24,9836.24,2764.03,2764.04
10-02-2026,5,15481.58,31859.58,8965.38,8965.38,2688.83,2687.34
10-02-2026,6,16719.43,22431.40,8807.78,8807.78,3249.66,3254.79
10-02-2026,7,19809.48,14680.50,9039.23,9039.23,4349.98,4362.27
10-02-2026,8,25677.50,14700.48,10917.65,10917.65,7023.38,7056.02
10-02-2026,9,24357.83,18423.53,12673.38,12673.38,4481.93,4493.45
10-02-2026,10,20060.25,22958.23,12528.48,12528.48,3205.26,3221.06
10-02-2026,11,17366.18,27550.05,11481.38,11481.38,2406.20,2402.31
10-02-2026,12,16998.85,35058.78,10630.25,10630.25,2266.92,2266.48
10-02-2026,13,15110.13,43026.23,10690.70,10690.70,2148.34,2145.87
10-02-2026,14,14533.40,48360.55,11155.36,11155.36,1777.53,1777.93
10-02-2026,15,15757.55,44281.15,12119.08,12119.08,1960.45,1954.20
10-02-2026,16,16584.68,36263.60,11942.66,11942.66,2139.53,2138.16
10-02-2026,17,15828.20,26557.35,10085.54,10085.54,2560.02,2542.52
10-02-2026,18,15799.93,19302.00,9408.14,9408.14,3344.80,3361.80
10-02-2026,19,20032.38,16173.23,10841.93,10841.93,4925.82,4933.43
10-02-2026,20,18884.38,14932.53,9173.08,9173.08,4635.92,4642.69
10-02-2026,21,16836.55,16755.28,9150.80,9150.80,3810.87,3807.70
10-02-2026,22,15438.85,19816.45,8818.32,8818.32,3410.58,3409.79
10-02-2026,23,14706.43,23599.20,8380.35,8380.35,3078.77,3080.94
10-02-2026,24,14193.98,27475.03,7729.42,7729.42,2900.90,2901.31
11-02-2026,1,15155.95,30403.00,8858.52,8858.52,2784.45,2787.62
11-02-2026,2,16436.20,32892.33,9764.58,9764.58,2852.86,2852.92
11-02-2026,3,17053.68,34612.15,10299.43,10299.43,2841.46,2841.46
11-02-2026,4,17363.05,35029.90,10778.20,10778.20,2845.31,2845.31
11-02-2026,5,15919.20,31827.58,9407.51,9407.51,2829.05,2828.52
11-02-2026,6,17152.75,22571.33,9683.35,9683.35,3392.46,3394.55
11-02-2026,7,19258.65,14127.73,9182.80,9182.80,4448.77,4465.24
11-02-2026,8,26153.45,13738.15,10625.30,10625.30,9950.35,9950.41
11-02-2026,9,23615.28,18512.80,12690.65,12690.65,4550.10,4561.03
11-02-2026,10,19172.78,23143.18,12658.25,12658.25,3062.93,3067.45
11-02-2026,11,18410.48,28192.05,12181.80,12181.80,2552.92,2553.42
11-02-2026,12,19068.35,35430.73,12137.20,12137.20,2497.92,2498.32
11-02-2026,13,17378.65,42955.08,11932.40,11932.40,2263.01,2262.50
11-02-2026,14,16194.18,49439.03,12469.93,12469.93,1989.19,1989.57
11-02-2026,15,18134.18,45550.23,13127.56,13127.56,2127.65,2127.63
11-02-2026,16,18643.43,36697.80,12012.31,12012.31,2401.84,2401.73
11-02-2026,17,17163.90,26545.80,10209.86,10209.86,2716.88,2707.15
11-02-2026,18,15367.88,18884.98,9110.36,9110.36,3361.36,3376.45
11-02-2026,19,18777.48,13991.55,9631.40,9631.40,5084.98,5089.28
11-02-2026,20,18109.43,13803.10,8848.90,8848.90,4799.96,4807.72
11-02-2026,21,15798.10,16205.28,8328.84,8328.84,3890.95,3890.76
11-02-2026,22,14448.23,20079.40,8419.87,8419.87,3327.39,3325.51
11-02-2026,23,14006.33,23910.98,8174.03,8174.03,3003.70,3005.11
11-02-2026,24,12929.58,27521.45,7553.12,7553.12,2751.84,2753.07
12-02-2026,1,14701.78,28754.73,8405.73,8405.73,2860.97,2862.11
12-02-2026,2,15894.23,31134.18,9233.47,9233.47,2863.06,2863.29
12-02-2026,3,16421.83,32651.50,9855.41,9855.41,2831.17,2831.19
12-02-2026,4,16989.20,33214.35,10415.89,10415.89,2835.50,2835.53
12-02-2026,5,16966.93,30463.28,10149.40,10149.40,2928.28,2927.22
12-02-2026,6,16896.65,21308.93,9350.60,9350.60,3418.36,3415.21
12-02-2026,7,20051.03,14249.13,9180.70,9180.70,4812.22,4873.27
12-02-2026,8,27722.20,13398.23,10302.63,10302.63,10000.00,10000.00
12-02-2026,9,24374.70,16811.85,12250.58,12250.58,5960.68,5898.69
12-02-2026,10,21139.70,19892.38,11968.98,11968.98,3360.14,3363.10
12-02-2026,11,17264.65,24367.00,10241.30,10241.30,2778.14,2778.82
12-02-2026,12,17195.60,31249.55,10226.02,10226.02,2615.80,2615.40
12-02-2026,13,15928.83,39884.60,10797.60,10797.60,2379.57,2378.19
12-02-2026,14,15457.35,46422.90,11306.21,11306.21,2015.55,2014.92
12-02-2026,15,16386.40,40998.95,10717.83,10717.83,2126.53,2119.06
12-02-2026,16,17264.45,30446.58,9547.68,9547.68,2735.73,2739.18
12-02-2026,17,16128.78,22277.50,8906.69,8906.69,2870.23,2871.31
12-02-2026,18,17282.33,17268.93,9628.55,9628.55,3799.06,3854.32
12-02-2026,19,21501.48,13231.38,10056.87,10056.87,8775.04,8689.74
12-02-2026,20,19218.18,11861.00,8257.62,8257.62,6617.69,6651.51
12-02-2026,21,16810.15,14259.70,8412.40,8412.40,4298.82,4302.74
12-02-2026,22,14586.30,17704.88,8535.12,8535.12,3565.16,3564.45
12-02-2026,23,13407.48,22502.03,7931.23,7931.23,3195.43,3196.82
12-02-2026,24,12669.13,25463.93,7474.83,7474.83,2901.61,2902.06
13-02-2026,1,13493.18,28286.98,8006.24,8006.24,2779.32,2784.11
13-02-2026,2,14800.75,29683.25,8633.92,8633.92,2825.49,2825.53
13-02-2026,3,15211.33,30616.88,8948.79,8948.79,2819.57,2820.31
13-02-2026,4,15696.25,30963.80,9439.35,9439.35,2848.98,2849.00
13-02-2026,5,15548.65,27900.05,9272.17,9272.17,2914.86,2914.73
13-02-2026,6,14633.25,19398.58,7933.27,7933.27,3236.73,3239.83
13-02-2026,7,18414.13,12511.50,8173.10,8173.10,5265.16,5345.46
13-02-2026,8,26894.65,12341.35,9573.04,9573.04,10000.00,10000.00
13-02-2026,9,24209.80,16001.13,12054.80,12054.80,6114.47,6095.30
13-02-2026,10,21698.15,19390.88,12318.49,12318.49,3523.36,3519.42
13-02-2026,11,17817.80,25365.13,12104.23,12104.23,2648.22,2651.80
13-02-2026,12,18201.45,32448.20,11900.70,11900.70,2702.69,2701.72
13-02-2026,13,16840.98,40638.73,12984.13,12984.13,2417.94,2415.32
13-02-2026,14,15504.93,46015.60,12696.32,12696.32,2080.46,2081.98
13-02-2026,15,17180.88,40560.98,11285.79,11285.79,2328.25,2326.15
13-02-2026,16,18116.83,31620.23,10867.14,10867.14,2730.62,2730.17
13-02-2026,17,16887.93,22844.08,9900.58,9900.58,2908.04,2904.66
13-02-2026,18,16753.75,17154.55,9865.78,9865.78,3842.64,3888.38
13-02-2026,19,20448.83,13141.83,9349.17,9349.17,7174.73,7184.21
13-02-2026,20,18464.38,12387.58,8407.57,8407.57,5263.09,5277.26
13-02-2026,21,16095.70,14608.60,8219.29,8219.29,4167.70,4171.24
13-02-2026,22,13700.65,17937.48,8198.80,8198.80,3537.45,3535.77
13-02-2026,23,13498.28,21893.05,7871.29,7871.29,3152.22,3155.69
13-02-2026,24,12470.40,24880.90,7294.13,7294.13,2943.98,2945.30
14-02-2026,1,14628.78,28139.80,8291.80,8291.80,2896.65,2899.39
14-02-2026,2,15683.73,29434.33,8557.36,8557.36,2869.51,2869.76
14-02-2026,3,16481.53,30426.63,9157.30,9157.30,2860.26,2860.93
14-02-2026,4,16443.25,30776.40,9506.56,9506.56,2868.70,2868.60
14-02-2026,5,16360.25,28111.40,9147.43,9147.43,2964.79,2964.10
14-02-2026,6,14677.60,19896.35,7567.40,7567.40,3290.45,3290.74
14-02-2026,7,17471.25,12142.25,8113.39,8113.39,5313.03,5432.61
14-02-2026,8,25566.08,12156.60,9668.79,9668.79,10000.00,10000.00
14-02-2026,9,20787.90,16557.38,11015.85,11015.85,5481.89,5602.81
14-02-2026,10,16754.45,19767.63,10476.23,10476.23,3221.80,3234.24
14-02-2026,11,14967.08,26232.75,10040.30,10040.30,2420.55,2412.07
14-02-2026,12,14361.48,34448.33,9997.47,9997.47,2481.76,2481.61
14-02-2026,13,13384.30,42048.38,10648.90,10648.90,2241.96,2243.33
14-02-2026,14,12916.95,46207.80,10663.53,10663.53,1958.84,1960.20
14-02-2026,15,14340.68,41137.25,10591.62,10591.62,2290.61,2287.37
14-02-2026,16,15114.10,31469.18,9461.24,9461.24,2640.82,2639.72
14-02-2026,17,14552.28,21352.00,8185.97,8185.97,2807.22,2806.33
14-02-2026,18,14702.33,17678.83,9514.83,9514.83,3464.77,3504.84
14-02-2026,19,18771.65,13930.00,9852.05,9852.05,5084.63,5090.34
14-02-2026,20,17598.80,12398.85,8713.01,8713.01,5063.48,5065.43
14-02-2026,21,14794.18,15063.73,8800.76,8800.76,4048.80,4046.96
14-02-2026,22,12825.23,18532.20,8310.40,8310.40,3379.67,3379.47
14-02-2026,23,13000.23,22283.05,7656.43,7656.43,3117.02,3120.66
14-02-2026,24,11690.88,24999.70,6741.62,6741.62,2906.87,2910.17
15-02-2026,1,15324.95,28755.85,8751.99,8751.99,2860.96,2861.95
15-02-2026,2,16368.63,30298.70,8854.70,8854.70,2839.67,2839.67
15-02-2026,3,17267.48,31029.90,9543.66,9543.66,2838.70,2838.85
15-02-2026,4,17721.38,31447.88,10022.47,10022.47,2847.12,2847.17
15-02-2026,5,17741.83,28724.00,9819.76,9819.76,2920.93,2919.51
15-02-2026,6,17233.80,21112.65,8892.42,8892.42,3277.06,3274.79
15-02-2026,7,17741.45,14307.00,8736.05,8736.05,4060.31,4075.58
15-02-2026,8,21814.45,14677.25,11080.94,11080.94,6512.20,6528.61
15-02-2026,9,19483.90,17120.05,10597.48,10597.48,3684.65,3712.79
15-02-2026,10,17039.85,19922.35,10761.29,10761.29,2679.49,2686.52
15-02-2026,11,13868.48,25041.83,10290.47,10290.47,1807.53,1806.14
15-02-2026,12,14526.93,33787.25,10504.07,10504.07,1852.55,1850.32
15-02-2026,13,13848.98,41935.35,10774.37,10774.37,1740.14,1740.56
15-02-2026,14,13449.98,46764.35,10533.71,10533.71,1430.21,1429.71
15-02-2026,15,13752.25,41581.50,9502.48,9502.48,1929.72,1930.97
15-02-2026,16,12661.70,33799.15,8366.60,8366.60,2184.49,2183.87
15-02-2026,17,11945.28,25674.75,7932.90,7932.90,2157.33,2157.40
15-02-2026,18,11069.65,21652.98,7513.08,7513.08,2450.23,2446.76
15-02-2026,19,13652.18,17445.88,7633.70,7633.70,3525.49,3527.13
15-02-2026,20,13428.93,16583.58,7572.15,7572.15,3457.76,3461.28
15-02-2026,21,13236.23,17898.08,8144.83,8144.83,3220.19,3219.97
15-02-2026,22,11995.73,21806.50,7586.55,7586.55,2899.19,2899.34
15-02-2026,23,12301.08,24734.45,7616.45,7616.45,2859.36,2859.55
15-02-2026,24,11760.13,26916.93,7266.84,7266.84,2663.27,2664.68
16-02-2026,1,15098.08,26042.00,8524.13,8524.13,2867.24,2867.82
16-02-2026,2,16021.48,27655.38,8446.92,8446.92,2839.17,2839.36
16-02-2026,3,16690.35,28294.53,9000.59,9000.59,2845.91,2846.33
16-02-2026,4,17234.60,28574.28,9691.82,9691.82,2883.59,2883.83
16-02-2026,5,17382.35,26177.55,9730.13,9730.13,3116.45,3116.22
16-02-2026,6,17817.90,19689.78,9448.75,9448.75,3698.72,3701.93
16-02-2026,7,20471.13,12783.68,9210.03,9210.03,6239.97,6313.61
16-02-2026,8,26106.58,11209.40,8605.80,8605.80,10000.00,10000.00
16-02-2026,9,22718.60,14612.93,11051.01,11051.01,6015.41,6029.81
16-02-2026,10,19465.38,17432.80,11434.48,11434.48,3587.75,3603.10
16-02-2026,11,15845.00,21778.40,9066.20,9066.20,2647.78,2644.03
16-02-2026,12,16015.88,29750.38,9943.97,9943.97,2310.60,2308.92
16-02-2026,13,14579.13,37576.88,10528.18,10528.18,2214.76,2215.24
16-02-2026,14,13407.43,41278.38,9524.89,9524.89,2076.77,2077.50
16-02-2026,15,14448.73,37629.93,8939.68,8939.68,2367.80,2366.11
16-02-2026,16,15978.35,29911.13,8622.16,8622.16,2694.16,2696.06
16-02-2026,17,15063.68,22135.83,8307.13,8307.13,2908.18,2917.09
16-02-2026,18,16572.55,18160.03,10799.05,10799.05,3649.13,3676.05
16-02-2026,19,20126.23,13732.40,10650.45,10650.45,7175.66,7147.68
16-02-2026,20,18560.08,13296.50,9994.82,9994.82,5462.71,5470.97
16-02-2026,21,15210.50,15298.20,9312.28,9312.28,3966.64,3967.63
16-02-2026,22,13748.63,17807.98,9172.98,9172.98,3459.14,3459.57
16-02-2026,23,13908.48,21210.63,8771.00,8771.00,3209.68,3210.50
16-02-2026,24,13393.73,23813.68,7855.34,7855.34,3053.49,3054.40
17-02-2026,1,15000.15,26924.15,8834.60,8834.60,2934.87,2936.78
17-02-2026,2,15954.55,28316.35,8966.82,8966.82,2912.68,2912.73
17-02-2026,3,16698.83,28598.75,9538.91,9538.91,2948.46,2948.47
17-02-2026,4,17058.48,28859.83,9905.60,9905.60,2952.85,2952.91
17-02-2026,5,16842.18,26389.05,9716.05,9716.05,3020.36,3021.99
17-02-2026,6,16441.30,18795.95,8750.19,8750.19,3429.43,3424.78
17-02-2026,7,19150.43,12233.93,8654.15,8654.15,6340.23,6489.79
17-02-2026,8,26516.43,11950.08,9494.96,9494.96,10000.00,10000.00
17-02-2026,9,21530.50,16303.58,11277.35,11277.35,5293.61,5421.05
17-02-2026,10,18528.83,19996.93,11315.53,11315.53,2981.69,2983.83
17-02-2026,11,17410.28,24436.78,11183.72,11183.72,2746.09,2748.85
17-02-2026,12,17596.88,31966.35,11527.98,11527.98,2512.82,2512.55
17-02-2026,13,16352.83,39216.23,11810.19,11810.19,2095.32,2101.47
17-02-2026,14,15464.80,43517.40,12793.64,12793.64,2139.08,2139.24
17-02-2026,15,16040.90,39774.05,11248.39,11248.39,2147.64,2151.67
17-02-2026,16,16720.78,32060.45,10219.08,10219.08,2567.69,2568.02
17-02-2026,17,14574.15,23742.73,9026.95,9026.95,2565.43,2566.26
17-02-2026,18,13224.03,18611.05,8791.55,8791.55,3041.42,3060.83
17-02-2026,19,18198.70,14069.28,10069.13,10069.13,5426.53,5443.06
17-02-2026,20,17305.28,13658.80,9981.50,9981.50,5174.48,5188.19
17-02-2026,21,14539.30,15318.28,9290.01,9290.01,3669.69,3669.11
17-02-2026,22,13282.85,18893.08,9003.10,9003.10,3220.41,3219.61
17-02-2026,23,13739.70,22337.50,8581.10,8581.10,3130.16,3130.89
17-02-2026,24,12937.60,25352.45,7617.90,7617.90,2960.77,2961.21
18-02-2026,1,15272.48,27698.08,8768.31,8768.31,3014.35,3016.53
18-02-2026,2,16289.28,29305.10,8908.82,8908.82,2961.15,2961.28
18-02-2026,3,17118.83,29941.78,9632.74,9632.74,2956.97,2957.20
18-02-2026,4,17626.15,30271.65,10139.96,10139.96,2964.39,2964.40
18-02-2026,5,17383.38,27513.25,9831.59,9831.59,3059.46,3058.13
18-02-2026,6,16909.45,18954.43,9061.53,9061.53,3541.79,3537.99
18-02-2026,7,17621.38,11289.33,7779.95,7779.95,6287.80,6350.03
18-02-2026,8,25881.48,9671.60,7376.10,7376.10,10000.00,10000.00
18-02-2026,9,21539.18,13647.28,10222.62,10222.62,5975.18,5904.51
18-02-2026,10,19278.65,17537.78,11087.88,11087.88,3220.09,3220.08
18-02-2026,11,16653.40,20256.30,9404.38,9404.38,3021.44,3023.09
18-02-2026,12,15505.30,27068.35,8858.63,8858.63,2648.06,2646.18
18-02-2026,13,15072.95,37027.68,10815.87,10815.87,2102.86,2104.60
18-02-2026,14,13781.25,42117.10,11046.42,11046.42,1964.83,1963.19
18-02-2026,15,14967.45,38308.45,10178.77,10178.77,2118.67,2122.40
18-02-2026,16,15434.83,28325.95,8474.02,8474.02,2553.43,2547.26
18-02-2026,17,15272.68,20492.45,8217.84,8217.84,2822.74,2822.72
18-02-2026,18,14633.33,16565.08,9322.20,9322.20,3399.82,3422.47
18-02-2026,19,18705.13,12840.48,9519.08,9519.08,7752.54,7559.60
18-02-2026,20,17507.53,11446.30,8482.29,8482.29,7750.44,7735.50
18-02-2026,21,15547.63,13627.93,8913.12,8913.12,4436.74,4433.02
18-02-2026,22,14656.53,18116.70,9242.41,9242.41,3614.21,3613.04
18-02-2026,23,14432.60,21712.93,8951.90,8951.90,3420.43,3421.53
18-02-2026,24,13960.50,25515.83,7869.43,7869.43,3136.69,3137.93
19-02-2026,1,16376.93,27258.80,8590.73,8590.73,3044.72,3049.63
19-02-2026,2,17374.30,30341.43,9757.53,9757.53,3053.59,3053.64
19-02-2026,3,17799.78,30978.23,10346.00,10346.00,3021.89,3021.86
19-02-2026,4,18072.48,31486.63,10803.83,10803.83,2987.66,2987.86
19-02-2026,5,18095.05,28845.05,10624.45,10624.45,3153.22,3150.81
19-02-2026,6,16972.58,20019.10,9333.55,9333.55,3694.36,3689.65
19-02-2026,7,17333.28,12048.75,7721.75,7721.75,5324.16,5431.70
19-02-2026,8,25746.30,10550.03,8254.51,8254.51,10000.00,10000.00
19-02-2026,9,21618.30,13628.20,10191.65,10191.65,6171.56,6065.23
19-02-2026,10,19011.23,16933.80,11158.50,11158.50,3445.17,3448.65
19-02-2026,11,16104.90,22405.93,10094.43,10094.43,2897.56,2901.22
19-02-2026,12,16649.98,30692.85,10948.66,10948.66,2523.06,2518.91
19-02-2026,13,16625.90,39558.28,12402.99,12402.99,2142.92,2146.16
19-02-2026,14,14963.48,43989.25,11643.06,11643.06,1782.40,1785.71
19-02-2026,15,16580.25,39495.35,11418.16,11418.16,2105.51,2104.80
19-02-2026,16,17909.35,28842.05,9852.30,9852.30,2835.75,2837.04
19-02-2026,17,16431.70,20520.88,8845.98,8845.98,3074.28,3074.88
19-02-2026,18,15643.33,14309.85,8287.80,8287.80,3958.40,3978.63
19-02-2026,19,19641.68,11282.58,8387.10,8387.10,8957.71,8962.43
19-02-2026,20,17844.25,11271.98,8279.58,8279.58,7522.31,7500.67
19-02-2026,21,15491.53,14571.05,8285.68,8285.68,4122.40,4122.71
19-02-2026,22,13828.30,18316.73,8258.39,8258.39,3592.57,3591.16
19-02-2026,23,13985.90,20995.00,8018.80,8018.80,3452.51,3453.08
19-02-2026,24,13514.25,23915.60,7291.95,7291.95,3057.38,3058.53
20-02-2026,1,15794.25,27603.00,9446.21,9446.21,3023.65,3030.92
20-02-2026,2,16355.35,30815.75,10298.05,10298.05,3028.42,3029.67
20-02-2026,3,16175.80,30368.50,9812.20,9812.20,2854.58,2854.61
20-02-2026,4,16622.78,29740.30,10048.95,10048.95,2883.87,2884.78
20-02-2026,5,17040.80,27975.85,9942.47,9942.47,3022.51,3021.87
20-02-2026,6,15949.33,20531.60,8526.08,8526.08,3478.50,3473.24
20-02-2026,7,15736.30,14670.23,7809.45,7809.45,4254.02,4321.54
20-02-2026,8,24171.00,11144.25,9156.75,9156.75,10000.00,10000.00
20-02-2026,9,19639.23,15218.53,10209.78,10209.78,5568.49,5569.84
20-02-2026,10,17290.53,18969.60,10382.00,10382.00,3074.16,3080.17
20-02-2026,11,15423.68,26326.55,10299.00,10299.00,2215.25,2211.06
20-02-2026,12,15079.53,33472.00,10829.79,10829.79,2080.36,2080.21
20-02-2026,13,14835.90,41184.83,11704.74,11704.74,2037.32,2037.51
20-02-2026,14,13871.93,46143.28,11088.35,11088.35,1734.69,1735.13
20-02-2026,15,15911.63,39525.58,10998.49,10998.49,2087.46,2086.46
20-02-2026,16,17857.35,29498.90,9480.02,9480.02,2752.77,2759.00
20-02-2026,17,16758.25,22684.95,9141.03,9141.03,2967.99,2966.49
20-02-2026,18,14458.53,16441.25,8974.82,8974.82,3831.13,3868.77
20-02-2026,19,17567.15,11500.50,9284.30,9284.30,8999.95,8949.30
20-02-2026,20,15839.65,12500.45,9241.93,9241.93,6592.43,6587.85
20-02-2026,21,13928.28,15982.80,8945.19,8945.19,3958.78,3957.12
20-02-2026,22,13127.63,20451.48,9073.08,9073.08,3444.15,3443.75
20-02-2026,23,13010.60,23533.15,8257.38,8257.38,3187.04,3189.64
20-02-2026,24,12406.28,26022.78,7187.66,7187.66,3030.35,3030.52
21-02-2026,1,13804.10,28150.30,7421.02,7421.02,2779.14,2784.35
21-02-2026,2,15014.50,29742.45,8180.25,8180.25,2829.33,2829.33
21-02-2026,3,16102.88,30717.45,9189.14,9189.14,2827.76,2828.57
21-02-2026,4,16961.70,30286.10,9996.07,9996.07,2885.72,2886.60
21-02-2026,5,17256.23,28373.35,9805.85,9805.85,3045.14,3043.71
21-02-2026,6,16760.73,21240.68,8771.52,8771.52,3478.58,3478.16
21-02-2026,7,17278.58,15720.20,9022.22,9022.22,4163.14,4213.75
21-02-2026,8,24524.93,13937.00,11579.95,11579.95,9997.27,9997.06
21-02-2026,9,20450.48,15789.40,10843.73,10843.73,4310.82,4317.71
21-02-2026,10,18070.95,20394.93,11098.56,11098.56,2818.67,2819.58
21-02-2026,11,15849.08,27186.78,11103.83,11103.83,2210.53,2210.34
21-02-2026,12,16199.83,36088.30,11400.17,11400.17,1946.48,1950.45
21-02-2026,13,15524.55,42798.05,11585.08,11585.08,1741.02,1745.73
21-02-2026,14,15024.15,46612.58,11734.83,11734.83,1585.59,1589.38
21-02-2026,15,15658.78,40808.33,11996.62,11996.62,2015.27,2013.74
21-02-2026,16,17173.85,30323.73,10569.51,10569.51,2523.12,2526.59
21-02-2026,17,17012.20,22250.60,10078.13,10078.13,2910.00,2908.53
21-02-2026,18,14429.15,16129.83,8902.63,8902.63,3597.86,3666.24
21-02-2026,19,17798.88,13920.28,9639.90,9639.90,5575.85,5583.11
21-02-2026,20,15707.10,13942.10,8864.40,8864.40,4735.56,4768.24
21-02-2026,21,12820.05,15142.28,7822.27,7822.27,3519.82,3519.72
21-02-2026,22,11495.75,19345.70,7348.58,7348.58,3096.38,3099.36
21-02-2026,23,11340.20,21639.13,6797.35,6797.35,2901.06,2901.06
21-02-2026,24,11108.50,23831.73,6084.88,6084.88,2833.10,2833.47
22-02-2026,1,16698.00,26123.25,8465.90,8465.90,2928.21,2928.86
22-02-2026,2,17882.40,29592.78,9347.65,9347.65,2893.27,2893.26
22-02-2026,3,18544.98,30390.73,9891.45,9891.45,2887.67,2888.84
22-02-2026,4,19312.40,30231.73,10435.66,10435.66,2988.13,2988.84
22-02-2026,5,19930.88,27900.40,10717.10,10717.10,3224.22,3223.37
22-02-2026,6,18979.20,21481.90,9866.24,9866.24,3615.36,3616.68
22-02-2026,7,18812.18,16649.48,9679.60,9679.60,4262.19,4271.16
22-02-2026,8,24163.23,15824.33,12561.28,12561.28,7723.40,7770.77
22-02-2026,9,22451.43,18248.68,12268.06,12268.06,4345.07,4349.62
22-02-2026,10,19894.98,23311.15,12069.84,12069.84,2685.04,2685.59
22-02-2026,11,16850.58,31331.45,11454.51,11454.51,1988.17,1988.46
22-02-2026,12,17591.85,40792.08,11552.85,11552.85,1841.73,1841.22
22-02-2026,13,16480.00,48124.73,11475.96,11475.96,1365.63,1366.52
22-02-2026,14,15744.20,51560.65,12140.04,12140.04,1105.48,1102.87
22-02-2026,15,16870.43,47562.90,11469.23,11469.23,1540.61,1542.19
22-02-2026,16,16445.33,37286.20,10158.75,10158.75,2057.12,2041.27
22-02-2026,17,13835.13,26769.93,8743.24,8743.24,2368.10,2367.15
22-02-2026,18,11914.33,20170.13,8125.20,8125.20,2504.72,2497.58
22-02-2026,19,15590.88,16712.25,8536.91,8536.91,3815.44,3822.03
22-02-2026,20,14966.93,16061.23,8592.27,8592.27,3617.48,3621.95
22-02-2026,21,13992.13,18507.38,8269.75,8269.75,3288.90,3289.24
22-02-2026,22,12882.05,21656.88,7560.03,7560.03,2951.18,2952.49
22-02-2026,23,13092.18,23215.28,7117.25,7117.25,2876.22,2876.85
22-02-2026,24,12763.73,25686.53,6677.51,6677.51,2757.36,2757.64
23-02-2026,1,16427.20,26691.45,9417.54,9417.54,3017.11,3025.17
23-02-2026,2,17190.40,28658.98,10335.15,10335.15,3074.28,3074.43
23-02-2026,3,17400.68,29282.15,11012.12,11012.12,3065.97,3067.31
23-02-2026,4,18246.95,28384.13,11828.83,11828.83,3163.42,3164.35
23-02-2026,5,18880.68,25552.78,11602.82,11602.82,3469.70,3468.23
23-02-2026,6,18444.13,20380.43,11071.53,11071.53,3906.30,3907.13
23-02-2026,7,20025.30,15743.38,10981.69,10981.69,5117.47,5139.51
23-02-2026,8,26621.13,12975.05,10183.65,10183.65,10000.00,10000.00
23-02-2026,9,20526.23,15962.30,11295.08,11295.08,5655.19,5779.78
23-02-2026,10,18534.33,19091.93,10912.40,10912.40,3090.06,3093.13
23-02-2026,11,16787.28,23658.38,10101.53,10101.53,2572.92,2566.05
23-02-2026,12,17784.63,32536.78,11262.55,11262.55,2204.57,2202.86
23-02-2026,13,17233.20,40348.53,12309.90,12309.90,2023.75,2025.91
23-02-2026,14,15762.90,43777.15,12151.94,12151.94,1780.69,1782.40
23-02-2026,15,16934.38,37227.75,12769.28,12769.28,2210.29,2209.10
23-02-2026,16,17793.75,28680.75,10390.56,10390.56,2863.56,2867.92
23-02-2026,17,16378.03,21554.80,9855.69,9855.69,3243.07,3237.91
23-02-2026,18,16805.98,16704.55,10164.75,10164.75,4213.14,4271.92
23-02-2026,19,19715.10,12668.00,9787.20,9787.20,9433.55,9380.77
23-02-2026,20,18348.68,13177.20,10128.47,10128.47,7669.70,7595.99
23-02-2026,21,17343.28,14496.25,10285.11,10285.11,4912.60,4911.34
23-02-2026,22,15399.60,17436.65,9413.81,9413.81,3948.07,3946.12
23-02-2026,23,15439.93,19715.58,9415.84,9415.84,3631.26,3630.27
23-02-2026,24,15108.10,21699.15,8867.30,8867.30,3299.44,3299.69
24-02-2026,1,18980.68,21915.48,9513.48,9513.48,3363.93,3367.75
24-02-2026,2,19660.15,24441.30,10517.06,10517.06,3335.69,3335.70
24-02-2026,3,20014.20,25127.43,11158.26,11158.26,3347.54,3348.24
24-02-2026,4,20683.35,25146.58,12099.46,12099.46,3489.37,3489.73
24-02-2026,5,20602.03,22389.55,11023.39,11023.39,3698.35,3696.98
24-02-2026,6,19135.28,18810.90,10263.34,10263.34,3895.13,3892.34
24-02-2026,7,20150.70,14812.48,9924.89,9924.89,4878.02,4882.82
24-02-2026,8,27302.03,11560.63,8772.22,8772.22,10000.00,10000.00
24-02-2026,9,23795.90,14828.38,10671.58,10671.58,6112.71,6021.58
24-02-2026,10,22515.75,19411.58,12212.19,12212.19,3485.36,3488.93
24-02-2026,11,18897.85,25034.40,10010.55,10010.55,2832.28,2834.55
24-02-2026,12,19432.53,32556.83,10673.88,10673.88,2488.20,2480.45
24-02-2026,13,18352.50,39097.33,11872.17,11872.17,2305.76,2306.81
24-02-2026,14,17064.88,44017.00,12478.12,12478.12,1948.02,1949.28
24-02-2026,15,18568.25,37528.63,11032.98,11032.98,2054.57,2054.86
24-02-2026,16,20071.95,30414.88,10024.37,10024.37,2798.76,2801.19
24-02-2026,17,18667.95,23789.73,9950.25,9950.25,3036.26,3032.05
24-02-2026,18,17237.43,15302.98,9027.82,9027.82,4366.73,4435.57
24-02-2026,19,20855.30,11712.98,8763.20,8763.20,9387.39,9302.17
24-02-2026,20,18938.35,11773.38,8537.00,8537.00,8154.17,8088.27
24-02-2026,21,17807.60,14039.50,9730.04,9730.04,4824.57,4821.10
24-02-2026,22,16755.10,15836.73,9339.45,9339.45,4180.20,4177.62
24-02-2026,23,16551.85,17879.53,8946.37,8946.37,3831.59,3832.16
24-02-2026,24,16668.65,20239.10,8609.48,8609.48,3646.26,3647.45
25-02-2026,1,18418.03,21315.43,9505.79,9505.79,3463.26,3463.30
25-02-2026,2,18836.28,23564.68,10123.45,10123.45,3419.78,3419.95
25-02-2026,3,18733.43,24099.98,10378.77,10378.77,3399.93,3400.87
25-02-2026,4,19237.48,23384.60,10702.95,10702.95,3466.63,3466.99
25-02-2026,5,20074.88,20779.95,10364.65,10364.65,3743.94,3743.74
25-02-2026,6,19987.00,17444.68,10635.73,10635.73,4189.55,4187.01
25-02-2026,7,20672.03,12305.98,9112.47,9112.47,7112.52,7112.03
25-02-2026,8,28738.23,10855.80,8077.40,8077.40,10000.00,10000.00
25-02-2026,9,22618.33,14663.88,10811.65,10811.65,6429.75,6450.37
25-02-2026,10,19210.43,17377.63,10849.50,10849.50,3694.38,3689.68
25-02-2026,11,15923.28,22448.20,9297.19,9297.19,2967.90,2968.68
25-02-2026,12,15497.00,29315.95,9190.61,9190.61,2603.27,2601.31
25-02-2026,13,15085.68,36689.43,10575.80,10575.80,2241.02,2241.38
25-02-2026,14,14057.78,39135.73,10120.44,10120.44,2010.52,2009.61
25-02-2026,15,15397.13,33232.23,8983.19,8983.19,2213.03,2210.51
25-02-2026,16,17337.73,27928.03,8668.64,8668.64,2886.36,2893.40
25-02-2026,17,17159.90,22739.25,9167.79,9167.79,3180.66,3181.36
25-02-2026,18,17448.18,15420.63,9199.53,9199.53,4227.33,4272.67
25-02-2026,19,21354.75,10959.33,8063.60,8063.60,9433.63,9385.66
25-02-2026,20,19736.00,10345.40,7385.10,7385.10,8662.46,8536.92
25-02-2026,21,17474.68,12390.40,8469.03,8469.03,4927.72,4922.27
25-02-2026,22,16027.98,14522.28,8566.22,8566.22,4270.35,4269.78
25-02-2026,23,15979.73,16723.33,8880.81,8880.81,3890.21,3890.44
25-02-2026,24,15228.60,19474.48,8471.20,8471.20,3391.01,3392.93
26-02-2026,1,18187.33,21864.35,9800.86,9800.86,3382.17,3389.98
26-02-2026,2,18787.70,24765.05,10857.99,10857.99,3373.39,3373.85
26-02-2026,3,18682.90,25257.33,11144.21,11144.21,3344.60,3344.95
26-02-2026,4,18961.90,24309.30,11536.76,11536.76,3404.55,3405.04
26-02-2026,5,20253.55,21752.88,11100.30,11100.30,3740.45,3740.70
26-02-2026,6,20717.83,18856.85,11193.74,11193.74,3973.88,3972.36
26-02-2026,7,22442.10,12626.15,9528.31,9528.31,8195.19,7965.42
26-02-2026,8,30591.43,9968.13,7206.32,7206.32,10000.00,10000.00
26-02-2026,9,23037.28,13788.83,10196.07,10196.07,6712.63,6547.97
26-02-2026,10,20074.20,19371.40,12094.48,12094.48,3522.60,3527.32
26-02-2026,11,17717.53,24998.50,9985.86,9985.86,2940.27,2939.67
26-02-2026,12,17491.93,30855.78,10169.08,10169.08,2743.13,2744.00
26-02-2026,13,17523.75,37785.68,12259.34,12259.34,2267.47,2266.56
26-02-2026,14,15695.10,40134.70,10842.78,10842.78,2014.62,2008.11
26-02-2026,15,17451.50,33860.60,9149.26,9149.26,2513.19,2511.05
26-02-2026,16,19856.25,29332.70,10640.71,10640.71,3051.56,3055.72
26-02-2026,17,20613.80,23513.35,11196.73,11196.73,3435.43,3434.69
26-02-2026,18,18958.98,15803.88,9831.28,9831.28,5512.16,5566.93
26-02-2026,19,21259.93,10694.98,7840.37,7840.37,9500.35,9436.38
26-02-2026,20,19853.10,10424.60,7518.75,7518.75,8862.66,8745.31
26-02-2026,21,18503.35,14134.43,9917.57,9917.57,4783.16,4773.51
26-02-2026,22,17191.10,15652.70,9384.42,9384.42,4140.98,4140.56
26-02-2026,23,16376.08,17994.50,8717.46,8717.46,3801.64,3801.45
26-02-2026,24,16176.30,19843.68,8370.70,8370.70,3484.20,3486.19
27-02-2026,1,18750.38,22517.58,10291.28,10291.28,3499.47,3501.51
27-02-2026,2,19472.60,24728.43,11104.56,11104.56,3454.56,3454.56
27-02-2026,3,19833.73,25692.98,11871.99,11871.99,3431.50,3432.04
27-02-2026,4,20300.95,24832.18,12239.16,12239.16,3494.72,3494.70
27-02-2026,5,20777.98,21967.25,11887.38,11887.38,3769.07,3767.96
27-02-2026,6,20426.88,18794.53,11734.82,11734.82,4086.82,4081.94
27-02-2026,7,22458.70,13786.05,10378.30,10378.30,8219.99,8143.06
27-02-2026,8,31175.43,11152.35,8351.24,8351.24,10000.00,10000.00
27-02-2026,9,23450.40,14973.08,11139.78,11139.78,6712.76,6576.31
27-02-2026,10,21722.53,20827.28,13350.15,13350.15,3555.30,3559.43
27-02-2026,11,19848.75,26185.73,11465.58,11465.58,3023.72,3034.32
27-02-2026,12,19176.50,32054.88,11482.63,11482.63,2691.06,2697.40
27-02-2026,13,17629.38,38568.30,12765.64,12765.64,2367.72,2366.87
27-02-2026,14,16530.15,42215.73,11791.31,11791.31,2103.43,2102.65
27-02-2026,15,18643.08,36751.85,11052.16,11052.16,2513.01,2512.64
27-02-2026,16,20422.88,31680.25,12038.16,12038.16,3016.83,3019.14
27-02-2026,17,20654.45,24519.98,11908.75,11908.75,3362.60,3357.16
27-02-2026,18,18510.03,15649.18,9684.00,9684.00,5024.79,5068.97
27-02-2026,19,23025.75,11072.35,8254.65,8254.65,10000.00,10000.00
27-02-2026,20,21384.90,11835.50,8715.79,8715.79,9249.81,9217.53
27-02-2026,21,19911.93,13681.23,10108.97,10108.97,5575.50,5534.81
27-02-2026,22,18479.40,16226.33,10908.03,10908.03,4353.72,4352.20
27-02-2026,23,17602.40,18483.75,10421.94,10421.94,3856.49,3856.48
27-02-2026,24,17481.20,20580.13,9687.33,9687.33,3705.79,3706.50
28-02-2026,1,16680.70,22731.90,9252.61,9252.61,3237.35,3245.31
28-02-2026,2,17733.68,25575.10,10358.40,10358.40,3220.48,3220.24
28-02-2026,3,18211.60,26642.78,10897.69,10897.69,3169.06,3169.52
28-02-2026,4,19013.55,26275.50,11371.42,11371.42,3264.15,3264.54
28-02-2026,5,20256.88,22847.83,11636.64,11636.64,3698.25,3697.08
28-02-2026,6,19994.95,19930.10,12070.63,12070.63,4017.12,4015.23
28-02-2026,7,20621.20,15391.90,10940.83,10940.83,7362.41,7323.77
28-02-2026,8,27420.60,12849.85,10032.15,10032.15,10000.00,10000.00
28-02-2026,9,20955.58,16944.35,11426.60,11426.60,5387.65,5470.58
28-02-2026,10,19064.45,22635.68,12737.35,12737.35,3127.54,3128.08
28-02-2026,11,15816.25,27628.33,10305.61,10305.61,2843.31,2844.72
28-02-2026,12,17251.05,35907.55,12877.11,12877.11,2369.49,2370.22
28-02-2026,13,15492.85,41197.65,12698.18,12698.18,2153.95,2151.20
28-02-2026,14,13246.88,43894.80,11676.45,11676.45,1821.70,1817.12
28-02-2026,15,15607.98,40344.95,11280.45,11280.45,2221.90,2224.91
28-02-2026,16,17661.83,33999.25,10950.17,10950.17,2848.50,2849.53
28-02-2026,17,17172.15,26142.05,10097.28,10097.28,3130.45,3127.41
28-02-2026,18,15783.80,18026.88,8670.74,8670.74,3660.77,3670.98
28-02-2026,19,19812.23,12884.38,9414.55,9414.55,8404.93,8373.84
28-02-2026,20,18702.55,12595.20,8960.00,8960.00,8062.18,8029.19
28-02-2026,21,17043.70,14278.55,9530.20,9530.20,4532.96,4532.60
28-02-2026,22,16213.38,17465.98,9456.88,9456.88,3850.22,3851.65
28-02-2026,23,15064.78,19264.30,8857.77,8857.77,3485.31,3485.83
28-02-2026,24,15075.40,21132.18,8164.10,8164.10,3246.34,3246.77
Date,Summary,Purchase Bid (MWh),Sell Bid (MWh),MCV (MWh),Final Scheduled Volume (MWh),MCP (Rs/MWh) *,Weighted MCP (Rs/MWh)
01-02-2026,Total,324549.93,703833.96,214186.03,214186.03,,
01-02-2026,Max,19914.23,49871.18,12639.83,12639.83,4514.43,4542.20
01-02-2026,Min,10166.18,15066.23,6313.56,6313.56,1219.15,1221.28
01-02-2026,Avg,13522.91,29326.42,8924.42,8924.42,2668.08,2670.33
02-02-2026,Total,380813.23,636866.98,227733.98,227733.98,,
02-02-2026,Max,23929.40,44122.58,13324.34,13324.34,5591.45,5609.23
02-02-2026,Min,11796.70,13010.78,6919.82,6919.82,1943.10,1942.36
02-02-2026,Avg,15867.22,26536.12,9488.92,9488.92,3182.97,3185.64
03-02-2026,Total,371326.47,651323.83,223088.30,223088.30,,
03-02-2026,Max,21847.23,45910.73,12175.71,12175.71,5732.40,5852.65
03-02-2026,Min,12021.40,12901.83,6912.83,6912.83,1863.12,1863.49
03-02-2026,Avg,15471.94,27138.49,9295.35,9295.35,3092.64,3098.64
04-02-2026,Total,398397.12,636419.01,229069.00,229069.00,,
04-02-2026,Max,22948.53,47287.48,13099.80,13099.80,7075.24,7116.56
04-02-2026,Min,12520.60,11577.83,7142.39,7142.39,2022.97,2027.52
04-02-2026,Avg,16599.88,26517.46,9544.54,9544.54,3454.74,3456.66
05-02-2026,Total,412353.36,657412.52,240359.46,240359.46,,
05-02-2026,Max,25164.03,46488.28,13167.23,13167.23,7300.08,7349.17
05-02-2026,Min,13382.58,12729.55,7467.38,7467.38,1976.93,1977.21
05-02-2026,Avg,17181.39,27392.19,10014.98,10014.98,3433.89,3438.86
06-02-2026,Total,400865.94,669962.45,243272.39,243272.39,,
06-02-2026,Max,24401.28,48966.40,12843.56,12843.56,7515.13,7577.03
06-02-2026,Min,13620.98,13023.18,7877.36,7877.36,1738.64,1738.89
06-02-2026,Avg,16702.75,27915.10,10136.35,10136.35,3239.83,3245.55
07-02-2026,Total,385873.55,687056.57,240448.84,240448.84,,
07-02-2026,Max,24721.05,51714.63,12026.05,12026.05,7681.07,7699.47
07-02-2026,Min,12632.63,14376.13,7594.30,7594.30,1724.71,1724.71
07-02-2026,Avg,16078.06,28627.36,10018.70,10018.70,3212.86,3216.75
08-02-2026,Total,345692.98,739133.41,212506.67,212506.67,,
08-02-2026,Max,20684.55,51934.60,10854.75,10854.75,4562.91,4573.37
08-02-2026,Min,11312.90,17408.53,6893.13,6893.13,1487.10,1487.47
08-02-2026,Avg,14403.87,30797.23,8854.44,8854.44,2674.44,2674.76
09-02-2026,Total,413640.32,699935.55,246806.02,246806.02,,
09-02-2026,Max,26402.78,49603.25,13596.14,13596.14,6390.61,6376.27
09-02-2026,Min,14339.43,14472.70,7976.66,7976.66,1867.23,1867.00
09-02-2026,Avg,17235.01,29163.98,10283.58,10283.58,3201.65,3205.86
10-02-2026,Total,415797.69,660353.97,241751.40,241751.40,,
10-02-2026,Max,25677.50,48360.55,12673.38,12673.38,7023.38,7056.02
10-02-2026,Min,14193.98,14680.50,7729.42,7729.42,1777.53,1777.93
10-02-2026,Avg,17324.90,27514.75,10072.98,10072.98,3230.19,3233.29
11-02-2026,Total,421711.19,656065.61,248086.17,248086.17,,
11-02-2026,Max,26153.45,49439.03,13127.56,13127.56,9950.35,9950.41
11-02-2026,Min,12929.58,13738.15,7553.12,7553.12,1989.19,1989.57
11-02-2026,Avg,17571.30,27336.07,10336.92,10336.92,3430.31,3432.61
12-02-2026,Total,422259.36,599817.49,233153.34,233153.34,,
12-02-2026,Max,27722.20,46422.90,12250.58,12250.58,10000.00,10000.00
12-02-2026,Min,12669.13,11861.00,7474.83,7474.83,2015.55,2014.92
12-02-2026,Avg,17594.14,24992.40,9714.72,9714.72,3856.03,3856.17
13-02-2026,Total,412582.93,588591.34,235298.09,235298.09,,
13-02-2026,Max,26894.65,46015.60,12984.13,12984.13,10000.00,10000.00
13-02-2026,Min,12470.40,12341.35,7294.13,7294.13,2080.46,2081.98
13-02-2026,Avg,17190.96,24524.64,9804.09,9804.09,3759.42,3765.14
14-02-2026,Total,377874.99,595190.82,220680.24,220680.24,,
14-02-2026,Max,25566.08,46207.80,11015.85,11015.85,10000.00,10000.00
14-02-2026,Min,11690.88,12142.25,6741.62,6741.62,1958.84,1960.20
14-02-2026,Avg,15744.79,24799.62,9195.01,9195.01,3569.75,3582.15
15-02-2026,Total,359235.25,633018.21,218298.96,218298.96,,
15-02-2026,Max,21814.45,46764.35,11080.94,11080.94,6512.20,6528.61
15-02-2026,Min,11069.65,14307.00,7266.84,7266.84,1430.21,1429.71
15-02-2026,Avg,14968.14,26375.76,9095.79,9095.79,2862.44,2865.13
16-02-2026,Total,405864.85,555852.68,226631.79,226631.79,,
16-02-2026,Max,26106.58,41278.38,11434.48,11434.48,10000.00,10000.00
16-02-2026,Min,13393.73,11209.40,7855.34,7855.34,2076.77,2077.50
16-02-2026,Avg,16911.04,23160.53,9442.99,9442.99,3803.78,3808.91
17-02-2026,Total,401109.76,581323.03,237598.40,237598.40,,
17-02-2026,Max,26516.43,43517.40,12793.64,12793.64,10000.00,10000.00
17-02-2026,Min,12937.60,11950.08,7617.90,7617.90,2095.32,2101.47
17-02-2026,Avg,16712.91,24221.79,9899.93,9899.93,3592.15,3606.39
18-02-2026,Total,401051.37,549251.81,222105.86,222105.86,,
18-02-2026,Max,25881.48,42117.10,11087.88,11087.88,10000.00,10000.00
18-02-2026,Min,13781.25,9671.60,7376.10,7376.10,1964.83,1963.19
18-02-2026,Avg,16710.47,22885.49,9254.41,9254.41,3946.84,3938.45
19-02-2026,Total,413615.03,562257.40,228797.38,228797.38,,
19-02-2026,Max,25746.30,43989.25,12402.99,12402.99,10000.00,10000.00
19-02-2026,Min,13514.25,10550.03,7291.95,7291.95,1782.40,1785.71
19-02-2026,Avg,17233.96,23427.39,9533.22,9533.22,3996.71,3997.29
20-02-2026,Total,384851.76,592306.11,230137.72,230137.72,,
20-02-2026,Max,24171.00,46143.28,11704.74,11704.74,10000.00,10000.00
20-02-2026,Min,12406.28,11144.25,7187.66,7187.66,1734.69,1735.13
20-02-2026,Avg,16035.49,24679.42,9589.07,9589.07,3754.49,3757.06
21-02-2026,Total,383367.15,604371.28,229836.49,229836.49,,
21-02-2026,Max,24524.93,46612.58,11996.62,11996.62,9997.27,9997.06
21-02-2026,Min,11108.50,13920.28,6084.88,6084.88,1585.59,1589.38
21-02-2026,Avg,15973.63,25182.14,9576.52,9576.52,3346.97,3354.78
22-02-2026,Total,405689.43,665192.05,237176.28,237176.28,,
22-02-2026,Max,24163.23,51560.65,12561.28,12561.28,7723.40,7770.77
22-02-2026,Min,11914.33,15824.33,6677.51,6677.51,1105.48,1102.87
22-02-2026,Avg,16903.73,27716.34,9882.35,9882.35,2984.61,2986.85
23-02-2026,Total,429131.87,566404.10,255544.74,255544.74,,
23-02-2026,Max,26621.13,43777.15,12769.28,12769.28,10000.00,10000.00
23-02-2026,Min,15108.10,12668.00,8867.30,8867.30,1780.69,1782.40
23-02-2026,Avg,17880.49,23600.17,10647.70,10647.70,4065.25,4068.64
24-02-2026,Total,468710.26,537667.31,245151.55,245151.55,,
24-02-2026,Max,27302.03,44017.00,12478.12,12478.12,10000.00,10000.00
24-02-2026,Min,16551.85,11560.63,8537.00,8537.00,1948.02,1949.28
24-02-2026,Avg,19529.59,22402.80,10214.65,10214.65,4227.54,4220.32
25-02-2026,Total,440234.54,497117.28,225601.51,225601.51,,
25-02-2026,Max,28738.23,39135.73,10849.50,10849.50,10000.00,10000.00
25-02-2026,Min,14057.78,10345.40,7385.10,7385.10,2010.52,2009.61
25-02-2026,Avg,18343.11,20713.22,9400.06,9400.06,4409.38,4404.62
26-02-2026,Total,466404.92,517590.35,240483.35,240483.35,,
26-02-2026,Max,30591.43,40134.70,12259.34,12259.34,10000.00,10000.00
26-02-2026,Min,15695.10,9968.13,7206.32,7206.32,2014.62,2008.11
26-02-2026,Avg,19433.54,21566.26,10020.14,10020.14,4529.18,4507.41
27-02-2026,Total,487670.38,538776.90,262633.60,262633.60,,
27-02-2026,Max,31175.43,42215.73,13350.15,13350.15,10000.00,10000.00
27-02-2026,Min,16530.15,11072.35,8254.65,8254.65,2103.43,2102.65
27-02-2026,Avg,20319.60,22449.04,10943.07,10943.07,4627.86,4618.26
28-02-2026,Total,429898.02,576587.04,253663.81,253663.81,,
28-02-2026,Max,27420.60,43894.80,12877.11,12877.11,10000.00,10000.00
28-02-2026,Min,13246.88,12595.20,8164.10,8164.10,1821.70,1817.12
28-02-2026,Avg,17912.42,24024.46,10569.33,10569.33,4129.83,4129.60
